OopsDidntMeanTo, agressive, aggressive,3650
greentext, happend, happened,910
LivestreamFail, should of, should have,842
iamverybadass, rember, remember,811
mildlyinfuriating, alot, a lot,666
HumansBeingBros, suprise, surprise,628
RoastMe, tounge, tongue,591
blunderyears, independant, independent,589
OopsDidntMeanTo, apparantly, apparently,517
MemeEconomy, wierd, weird,512
WhitePeopleTwitter, should of, should have,459
suicidebywords, alot, a lot,432
PrequelMemes, suprise, surprise,425
rickandmorty, alot, a lot,412
DunderMifflin, embarass, embarrass,409
Damnthatsinteresting, truely, truly,410
meirl, independant, independent,397
trebuchetmemes, truely, truly,400
nonononoyes, alot, a lot,367
OopsDidntMeanTo, knowlege, knowledge,363
trebuchetmemes, seige, siege,356
iamverybadass, beleive, believe,349
trebuchetmemes, seige, siege,334
DiWHY, alot, a lot,335
mildlyinfuriating, should of, should have,329
LivestreamFail, should of, should have,327
disneyvacation, bizzare, bizarre,318
techsupportgore, seperate, separate,309
interestingasfuck, cemetary, cemetery,305
creepyasterisks, harrass, harass,297
circlebroke5, happend, happened,300
shittyreactiongifs, belive, believe,290
Wellthatsucks, alot, a lot,293
trebuchetmemes, existance, existence,288
interestingasfuck, untill, until,282
AnimalsBeingBros, should of, should have,278
AnimalTextGifs, truely, truly,276
creepyasterisks, begining, beginning,271
nonononoyes, should of, should have,270
FortNiteBR, beleive, believe,270
mildlyinfuriating, noticable, noticeable,249
AdviceAnimals, alot, a lot,252
asianpeoplegifs, alot, a lot,252
holdmyjuicebox, alot, a lot,247
Wellthatsucks, seperate, separate,245
WhitePeopleTwitter, alot, a lot,246
CrackWatch, goverment, government,239
AbsoluteUnits, definately, definitely,225
BetterEveryLoop, existance, existence,227
mildlyinfuriating, foward, forward,226
pawg, alot, a lot,224
Bossfight, should of, should have,220
DiWHY, sence, sense,219
greentext, belive, believe,214
firstworldanarchists, wierd, weird,211
suicidebywords, should of, should have,208
4PanelCringe, should of, should have,207
mildlyinfuriating, independant, independent,209
dontdeadopeninside, alot, a lot,208
mildlyinfuriating, noticable, noticeable,205
DunderMifflin, tatoo, tattoo,202
SquaredCircle, seperate, separate,196
trashyboners, therefor, therefore,194
mildlyinfuriating, finaly, finally,196
AnimalsBeingBros, rember, remember,197
MealPrepSunday, occured, occurred,191
blackmagicfuckery, dissapoint, disappoint,186
ATBGE, embarass, embarrass,188
SquaredCircle, belive, believe,188
youdontsurf, bizzare, bizarre,184
FortNiteBR, dissapear, disappear,186
iamverybadass, alot, a lot,189
4PanelCringe, Carribean, Caribbean,187
OopsDidntMeanTo, dissapear, disappear,181
FellowKids, definately, definitely,186
lastimages, suprise, surprise,181
sadcringe, should of, should have,176
customhearthstone, buisness, business,178
Perfectfit, immediatly, immediately,191
PhonesAreBad, concious, conscious,177
Overwatch, supercede, supersede,178
PewdiepieSubmissions, alot, a lot,174
2007scape, bizzare, bizarre,175
BravoRealHousewives, alot, a lot,172
antiMLM, tounge, tongue,173
ClashRoyale, bizzare, bizarre,170
memes, beleive, believe,171
KidsAreFuckingStupid, alot, a lot,172
AteTheOnion, completly, completely,172
nintendo, enviroment, environment,174
casualChildAbuse, alot, a lot,166
oddlyterrifying, arguement, argument,167
FortNiteBR, seige, siege,166
FellowKids, alot, a lot,168
Celebs, existance, existence,168
boottoobig, Portugese, Portuguese,163
FortNiteBR, alot, a lot,165
dank_meme, should of, should have,162
RobinHood, publically, publicly,157
trebuchetmemes, pharoah, pharaoh,160
4PanelCringe, agressive, aggressive,155
2007scape, recieve, receive,156
shittyrobots, should of, should have,157
gaming, tounge, tongue,155
indianpeoplefacebook, alot, a lot,156
FortNiteBR, definately, definitely,154
instantkarma, seige, siege,151
donaldglover, alot, a lot,152
iamverybadass, tommorow, tomorrow,154
DeepFriedMemes, rember, remember,156
JusticeServed, alot, a lot,152
wallstreetbets, realy, really,152
dontputyourdickinthat, alot, a lot,151
KenM, should of, should have,149
iamverybadass, alot, a lot,148
trebuchetmemes, noticable, noticeable,145
rupaulsdragrace, suprise, surprise,149
nonononoyes, suprise, surprise,145
niceguys, tatoo, tattoo,149
ihadastroke, seperate, separate,145
Showerthoughts, seperate, separate,143
cursedcursedimages, alot, a lot,147
AteTheOnion, suprise, surprise,148
Showerthoughts, ecstacy, ecstasy,143
IDontWorkHereLady, should of, should have,143
rule34, alot, a lot,144
rickandmorty, millenia, millennia,139
SpidermanPS4, should of, should have,144
fakehistoryporn, seige, siege,144
porninfifteenseconds, millenia, millennia,140
mildlyinfuriating, resistence, resistance,140
MealPrepSunday, freind, friend,141
bodyperfection, alot, a lot,137
PrequelMemes, should of, should have,138
vexillologycirclejerk, definately, definitely,136
ProgrammerHumor, happend, happened,129
botsrights, alot, a lot,134
youdontsurf, should of, should have,135
JessicaNigri, alot, a lot,130
trebuchetmemes, truely, truly,132
WritingPrompts, freind, friend,130
porninfifteenseconds, should of, should have,131
Showerthoughts, remeber, remember,129
SwordOrSheath, should of, should have,132
botsrights, should of, should have,126
nhl, dissapear, disappear,126
FortNiteBR, alot, a lot,126
FortNiteBR, should of, should have,128
AskOuija, should of, should have,125
creepyasterisks, tounge, tongue,127
FortNiteBR, alot, a lot,125
therewasanattempt, refering, referring,124
Showerthoughts, peice, piece,126
iamverybadass, millenia, millennia,121
niceguys, seige, siege,122
Breath_of_the_Wild, wierd, weird,127
youseeingthisshit, rember, remember,122
tumblr, alot, a lot,125
iamverybadass, truely, truly,122
SquaredCircle, seige, siege,121
FortNiteBR, gaurd, guard,122
Wellthatsucks, prefered, preferred,125
WhitePeopleTwitter, knowlege, knowledge,120
SquaredCircle, alot, a lot,125
LivestreamFail, immediatly, immediately,123
WhitePeopleTwitter, wierd, weird,122
nevertellmetheodds, belive, believe,123
FortNiteBR, alot, a lot,117
SquaredCircle, alot, a lot,119
Animemes, alot, a lot,120
OopsDidntMeanTo, should of, should have,120
suicidebywords, Carribean, Caribbean,119
FortNiteBR, suprise, surprise,121
WTF, should of, should have,122
iamverybadass, alot, a lot,122
FortNiteBR, harrass, harass,118
botsrights, seige, siege,115
trebuchetmemes, happend, happened,119
MyPeopleNeedMe, occured, occurred,114
CrackWatch, belive, believe,120
nonononoyes, alot, a lot,118
Spiderman, prefered, preferred,120
greentext, alot, a lot,114
starterpacks, immediatly, immediately,115
JessicaNigri, sence, sense,114
BetterEveryLoop, alot, a lot,118
SquaredCircle, alot, a lot,112
IDontWorkHereLady, completly, completely,115
submechanophobia, tommorow, tomorrow,114
medicalschool, should of, should have,114
brockhampton, truely, truly,108
HappyEmbarrassedGirls, happend, happened,112
antiMLM, alot, a lot,110
greentext, comming, coming,110
trebuchetmemes, alot, a lot,114
DiWHY, should of, should have,115
OldSchoolCool, should of, should have,111
Idubbbz, alot, a lot,108
Damnthatsinteresting, should of, should have,111
Gunners, belive, believe,112
MemeEconomy, alot, a lot,110
FortNiteBR, alot, a lot,113
CringeAnarchy, should of, should have,109
WhitePeopleTwitter, alot, a lot,109
inthesoulstone, alot, a lot,107
IdiotsFightingThings, agressive, aggressive,110
Battlefield, alot, a lot,110
ThatLookedExpensive, alot, a lot,108
masterhacker, therefor, therefore,106
PewdiepieSubmissions, seige, siege,108
ChoosingBeggars, should of, should have,110
DeepFriedMemes, alot, a lot,109
trippinthroughtime, begining, beginning,105
Kappa, alot, a lot,109
botsrights, harrassment, harassment,108
forwardsfromgrandma, should of, should have,106
JusticeServed, alot, a lot,105
greentext, recieve, receive,110
IncelTears, alot, a lot,103
suicidebywords, millenium, millennium,107
Kaiserreich, foriegn, foreign,106
JusticeServed, publically, publicly,104
meirl, belive, believe,114
botsrights, should of, should have,104
SuddenlyGay, buisness, business,106
indianpeoplefacebook, immediatly, immediately,109
HugeDickTinyChick, alot, a lot,103
MURICA, succesful, successful,107
wallstreetbets, publically, publicly,100
MonsterHunter, definately, definitely,104
2007scape, untill, until,106
PornhubComments, tommorow, tomorrow,103
PewdiepieSubmissions, tommorow, tomorrow,106
2007scape, suprise, surprise,104
mildlyinfuriating, alot, a lot,100
trashyboners, realy, really,104
smashbros, seperate, separate,102
Wellthatsucks, alot, a lot,106
thanosdidnothingwrong, therefor, therefore,102
paydaytheheist, should of, should have,103
PrequelMemes, comming, coming,101
FellowKids, gaurd, guard,101
reddevils, should of, should have,101
PublicFreakout, alot, a lot,103
Nicegirls, immediatly, immediately,99
Wellthatsucks, happend, happened,102
OldSchoolCool, alot, a lot,99
RPDRDRAMA, tommorow, tomorrow,101
niceguys, should of, should have,99
rupaulsdragrace, peice, piece,99
BravoRealHousewives, remeber, remember,101
softwaregore, should of, should have,100
trees, harrass, harass,99
jesuschristreddit, basicly, basically,95
EmpireDidNothingWrong, bizzare, bizarre,94
Documentaries, alot, a lot,101
absolutelynotme_irl, sence, sense,97
notinteresting, alot, a lot,94
Wellthatsucks, tommorow, tomorrow,95
StarWars, seperate, separate,97
tumblr, alot, a lot,94
shittyrobots, appearence, appearance,95
fatestaynight, should of, should have,93
iamatotalpieceofshit, succesful, successful,92
Wellthatsucks, alot, a lot,96
Wellthatsucks, seige, siege,96
instantkarma, alot, a lot,92
OldSchoolCool, arguement, argument,92
KenM, should of, should have,94
Animemes, wierd, weird,91
tumblr, alot, a lot,93
FortNiteBR, definately, definitely,93
FortNiteBR, completly, completely,92
maybemaybemaybe, prefered, preferred,92
botsrights, alot, a lot,92
wallstreetbets, jist, gist,89
Drama, seige, siege,89
iamverybadass, alot, a lot,90
SexInFrontOfOthers, should of, should have,89
botsrights, should of, should have,90
masterhacker, wierd, weird,90
MemeEconomy, alot, a lot,93
Megumin, alot, a lot,90
iamverysmart, should of, should have,89
WhitePeopleTwitter, enviroment, environment,86
mildlyinfuriating, florescent, fluorescent,91
Bossfight, millenium, millennium,89
tumblr, alot, a lot,91
fuckthesepeople, suprise, surprise,89
notliketheothergirls, seperate, separate,88
2007scape, suprise, surprise,91
starcitizen, truely, truly,87
memes, millenium, millennium,98
wallstreetbets, alot, a lot,85
Rainbow6, seperate, separate,88
rupaulsdragrace, suprise, surprise,91
PKA, alot, a lot,89
LawSchool, alot, a lot,85
creepy, definately, definitely,89
darkjokes, tounge, tongue,85
FortNiteBR, alot, a lot,87
FortNiteBR, completly, completely,86
donaldglover, apparantly, apparently,84
wallstreetbets, refering, referring,84
PrequelMemes, wierd, weird,86
shittysuperpowers, goverment, government,88
trebuchetmemes, publically, publicly,89
Showerthoughts, succesful, successful,89
mildlyinfuriating, seperate, separate,84
watchpeoplesurvive, alot, a lot,85
ChildrenFallingOver, alot, a lot,87
OverwatchTMZ, tounge, tongue,86
SpoiledDragRace, prefered, preferred,87
coaxedintoasnafu, alot, a lot,86
inthesoulstone, arguement, argument,84
hitboxgore, persistant, persistent,85
CrazyIdeas, alot, a lot,83
virginvschad, publically, publicly,84
youseeingthisshit, should of, should have,79
CringeAnarchy, completly, completely,81
forbiddensnacks, happend, happened,87
ContagiousLaughter, alot, a lot,87
Ice_Poseidon, alot, a lot,79
StarWars, recieve, receive,81
Shitty_Car_Mods, recieve, receive,79
starterpacks, alot, a lot,81
SquaredCircle, wierd, weird,83
humblebrag, millenia, millennia,84
IWantToLearn, belive, believe,80
apolloapp, should of, should have,83
OldSchoolCool, alot, a lot,82
TooAfraidToAsk, alot, a lot,81
WeWantPlates, alot, a lot,83
2007scape, alot, a lot,81
FashionReps, alot, a lot,82
coolguides, definately, definitely,81
ExpectationVsReality, occured, occurred,82
untrustworthypoptarts, seige, siege,80
suddenlysexoffender, truely, truly,81
WhitePeopleTwitter, should of, should have,80
SamPepper, alot, a lot,82
thalassophobia, alot, a lot,78
PhonesAreBad, beleive, believe,84
AbsoluteUnits, alot, a lot,82
evilbuildings, definately, definitely,77
Animemes, definately, definitely,79
interestingasfuck, millenium, millennium,80
smashbros, publically, publicly,78
coaxedintoasnafu, alot, a lot,79
Wellthatsucks, alot, a lot,77
dadjokes, alot, a lot,78
nonononoyes, beleive, believe,80
Kappa, occured, occurred,81
DeepFriedMemes, immediatly, immediately,79
OutOfTheLoop, alot, a lot,81
AmItheAsshole, futher, further,78
KidsAreFuckingStupid, alot, a lot,75
gonewildstories, alot, a lot,82
CrackWatch, should of, should have,79
creepyasterisks, definately, definitely,80
2b2t, wierd, weird,80
Showerthoughts, alot, a lot,80
rupaulsdragrace, alot, a lot,80
antiMLM, definately, definitely,75
inthesoulstone, happend, happened,79
theratio, alot, a lot,77
youdontsurf, sence, sense,76
DeepFriedMemes, happend, happened,75
nothingeverhappens, alot, a lot,79
CorporateFacepalm, embarass, embarrass,79
brooklynninenine, peice, piece,75
suicidebywords, should of, should have,74
NBASpurs, alot, a lot,78
singapore, occassion, occasion,76
SquaredCircle, alot, a lot,77
MechanicalKeyboards, propoganda, propaganda,79
smashbros, should of, should have,76
trebuchetmemes, should of, should have,75
lotrmemes, foward, forward,77
tylerthecreator, wierd, weird,73
UpliftingNews, truely, truly,75
KarmaRoulette, alot, a lot,76
marvelstudios, agressive, aggressive,74
CryptoCurrency, alot, a lot,78
KidsAreFuckingStupid, therefor, therefore,79
woahdude, goverment, government,78
KarmaConspiracy, agression, aggression,75
blunderyears, agressive, aggressive,74
FortNiteBR, goverment, government,77
RocketLeague, should of, should have,75
LivestreamFail, jist, gist,73
OopsDidntMeanTo, arguement, argument,75
nonononoyes, alot, a lot,77
jesuschristreddit, harrass, harass,71
Wellthatsucks, alot, a lot,75
OopsDidntMeanTo, occuring, occurring,75
nonononoyes, alot, a lot,75
HailCorporate, alot, a lot,74
2007scape, refering, referring,78
theydidthemath, should of, should have,74
FortNiteBR, alot, a lot,75
totallynotrobots, alot, a lot,72
ElderScrolls, alot, a lot,72
botsrights, alot, a lot,76
GamingDetails, alot, a lot,73
botsrights, happend, happened,71
morbidquestions, should of, should have,74
FlashTV, seperate, separate,73
holdmyfeedingtube, tounge, tongue,76
UpliftingNews, occurance, occurrence,71
IDontWorkHereLady, happend, happened,69
Bossfight, peice, piece,70
forwardsfromhitler, should of, should have,74
mildlyinfuriating, should of, should have,69
LatinoPeopleTwitter, Carribean, Caribbean,69
interestingasfuck, alot, a lot,71
WouldYouRather, alot, a lot,73
creepyPMs, dissapoint, disappoint,69
oddlysatisfying, basicly, basically,75
gifs, tounge, tongue,69
CringeAnarchy, basicly, basically,69
shittyreactiongifs, should of, should have,71
jesuschristreddit, alot, a lot,70
JusticeServed, peice, piece,70
iamverybadass, buisness, business,70
bigboye, belive, believe,69
Animemes, dissapear, disappear,72
UpliftingNews, agression, aggression,73
FortNiteBR, should of, should have,72
Perfectfit, Carribean, Caribbean,66
SubsYouFellFor, alot, a lot,71
OldSchoolCool, alot, a lot,71
GlitchInTheMatrix, unforseen, unforeseen,67
WeWantPlates, begining, beginning,70
JusticeServed, realy, really,70
BokuNoHeroAcademia, suprise, surprise,70
ImGoingToHellForThis, untill, until,68
Kappa, alot, a lot,69
starterpacks, harrassment, harassment,67
LifeProTips, Farenheit, Fahrenheit,71
watchpeopledie, should of, should have,72
humblebrag, refered, referred,70
nevertellmetheodds, agressive, aggressive,66
gifsthatendtoosoon, tounge, tongue,70
LGBTeens, calender, calendar,70
popping, bizzare, bizarre,67
MemeEconomy, should of, should have,70
TheLastAirbender, agressive, aggressive,67
antiMLM, alot, a lot,68
FortNiteBR, basicly, basically,71
greentext, fourty, forty,71
SquaredCircle, agressive, aggressive,67
WhitePeopleTwitter, alot, a lot,66
WhitePeopleTwitter, ecstacy, ecstasy,66
UpvotedBecauseButt, gaurd, guard,70
painal, embarass, embarrass,68
CringeAnarchy, immediatly, immediately,68
tumblr, should of, should have,69
SequelMemes, existance, existence,70
AMA, alot, a lot,67
iamverybadass, basicly, basically,68
therewasanattempt, occured, occurred,69
morbidquestions, should of, should have,71
SquaredCircle, basicly, basically,70
Ripple, occurence, occurrence,69
HappyEmbarrassedGirls, completly, completely,66
SuddenlyGay, arguement, argument,69
mildlyinfuriating, belive, believe,67
Damnthatsinteresting, should of, should have,70
suicidebywords, definately, definitely,68
roosterteeth, remeber, remember,65
OldSchoolCool, suprise, surprise,63
Sneakers, unfortunatly, unfortunately,69
DeepFriedMemes, occured, occurred,68
CrackWatch, should of, should have,65
IAmA, irresistable, irresistible,68
Destiny, completly, completely,68
inthesoulstone, alot, a lot,67
thanosdidnothingwrong, therefor, therefore,69
WhitePeopleTwitter, buisness, business,70
antiMLM, occurance, occurrence,69
SwordOrSheath, definately, definitely,65
holdmycosmo, should of, should have,66
Documentaries, should of, should have,65
SquaredCircle, noticable, noticeable,69
marvelstudios, finaly, finally,67
SquaredCircle, completly, completely,64
AteTheOnion, should of, should have,66
yesyesyesno, succesful, successful,66
gifsthatkeepongiving, basicly, basically,65
AccidentalRenaissance, alot, a lot,64
GamePhysics, alot, a lot,65
gifsthatendtoosoon, alot, a lot,67
niceguys, should of, should have,62
greentext, should of, should have,66
FortNiteBR, propoganda, propaganda,66
FortNiteBR, alot, a lot,63
Wellthatsucks, alot, a lot,65
Cinemagraphs, alot, a lot,63
botsrights, seperate, separate,61
SCAcirclejerk, publically, publicly,64
OopsDidntMeanTo, begining, beginning,60
APStudents, should of, should have,64
jailbreak, realy, really,62
Animemes, suprise, surprise,63
sadcringe, should of, should have,63
bestofworldstar, alot, a lot,63
specializedtools, alot, a lot,61
FortNiteBR, wierd, weird,62
4chan, alot, a lot,67
PrequelMemes, finaly, finally,60
instantpot, truely, truly,64
trashyboners, rember, remember,62
hentai, accross, across,67
technicallythetruth, alot, a lot,62
MyPeopleNeedMe, wierd, weird,64
engrish, suprise, surprise,65
Kanye, alot, a lot,62
visualizedmath, alot, a lot,64
oddlysatisfying, suprise, surprise,61
nonononoyes, alot, a lot,67
DunderMifflin, suprise, surprise,63
runescape, unfortunatly, unfortunately,63
humblebrag, cemetary, cemetery,61
MealPrepSunday, wierd, weird,62
thalassophobia, alot, a lot,64
notinteresting, suprise, surprise,59
holdmycosmo, Carribean, Caribbean,66
botsrights, should of, should have,63
therewasanattempt, basicly, basically,60
boobbounce, basicly, basically,61
Animemes, buisness, business,62
PublicFreakout, alot, a lot,59
2007scape, alot, a lot,62
Breath_of_the_Wild, truely, truly,61
PrequelMemes, belive, believe,64
pokemon, immediatly, immediately,64
StreetFights, wierd, weird,58
DarlingInTheFranxx, therefor, therefore,64
AdviceAnimals, basicly, basically,63
LivestreamFail, alot, a lot,65
NoStupidQuestions, definately, definitely,63
gundeals, alot, a lot,62
WhitePeopleTwitter, alot, a lot,61
MURICA, alot, a lot,62
Instagramreality, definately, definitely,62
Destiny, alot, a lot,58
DungeonsAndDragons, peice, piece,61
holdmycosmo, seige, siege,61
PUBG, politican, politician,62
fasting, should of, should have,62
PewdiepieSubmissions, alot, a lot,63
TheLastAirbender, alot, a lot,64
mildlyinfuriating, alot, a lot,64
IdleHeroes, basicly, basically,60
creepyasterisks, should of, should have,59
Youniqueamua, alot, a lot,64
DDLC, alot, a lot,62
MemeEconomy, truely, truly,61
Documentaries, alot, a lot,62
NintendoSwitch, peice, piece,61
inthesoulstone, curiousity, curiosity,60
mildlyinfuriating, beleive, believe,62
DiWHY, rember, remember,63
TheLastAirbender, definately, definitely,59
OldSchoolCool, apparantly, apparently,63
MLS, realy, really,63
antiMLM, millenium, millennium,60
Warthunder, alot, a lot,63
AbsoluteUnits, beleive, believe,60
cursedimages, wierd, weird,59
IDontWorkHereLady, beleive, believe,58
holdthemoan, should of, should have,59
PrequelMemes, happend, happened,59
shittyreactiongifs, existance, existence,59
iamverysmart, arguement, argument,57
KidsAreFuckingStupid, truely, truly,61
confession, seperate, separate,61
Trumpgret, seperate, separate,57
shittyrainbow6, should of, should have,60
me_irl, alot, a lot,58
TheSilphRoad, alot, a lot,57
PraiseTheCameraMan, tounge, tongue,58
inthesoulstone, therefor, therefore,59
StreamersGoneWild, occurence, occurrence,60
wholesomegreentext, dissapear, disappear,56
EDM, assasination, assassination,58
JusticeServed, untill, until,58
WhitePeopleTwitter, definately, definitely,57
iamverybadass, realy, really,61
ShittyLifeProTips, alot, a lot,56
2007scape, should of, should have,58
writing, alot, a lot,59
stocks, happend, happened,58
iamverysmart, realy, really,59
woooosh, tatoo, tattoo,59
2007scape, comming, coming,58
paradoxplaza, definately, definitely,57
communism101, should of, should have,57
ExpectationVsReality, completly, completely,57
Wellthatsucks, belive, believe,56
instantkarma, goverment, government,58
Zoomies, Portugese, Portuguese,55
PublicFreakout, freind, friend,53
realmadrid, seperate, separate,56
Damnthatsinteresting, should of, should have,57
dankchristianmemes, definately, definitely,59
rupaulsdragrace, alot, a lot,59
nonononoyes, happend, happened,56
malehairadvice, alot, a lot,58
ImGoingToHellForThis, alot, a lot,57
cosplaygirls, definately, definitely,60
SquaredCircle, remeber, remember,58
futurama, alot, a lot,59
trashyboners, alot, a lot,58
smashbros, alot, a lot,56
Stellaris, truely, truly,57
HumanForScale, alot, a lot,55
technicallythetruth, alot, a lot,56
trashyboners, definately, definitely,58
ethereum, should of, should have,55
OopsDidntMeanTo, tommorow, tomorrow,57
therewasanattempt, should of, should have,53
yesyesyesyesno, therefor, therefore,55
IDontWorkHereLady, wierd, weird,58
HeavySeas, should of, should have,55
RPDRDRAMA, alot, a lot,55
RPDRDRAMA, agression, aggression,60
PrequelMemes, alot, a lot,57
PandR, alot, a lot,56
DunderMifflin, beleive, believe,55
PublicFreakout, suprise, surprise,60
DiWHY, fourty, forty,55
AdviceAnimals, alot, a lot,56
DumpsterDiving, untill, until,55
Sneakers, agressive, aggressive,56
JacksFilms, alot, a lot,58
marvelstudios, begining, beginning,57
iamverybadass, definately, definitely,57
osugame, seperate, separate,56
osugame, alot, a lot,59
FellowKids, alot, a lot,59
WhitePeopleTwitter, alot, a lot,52
nsfwedit, definately, definitely,53
DeepFriedMemes, calender, calendar,59
donaldglover, should of, should have,55
DetroitBecomeHuman, alot, a lot,53
mallninjashit, should of, should have,53
notliketheothergirls, bizzare, bizarre,54
gonewildstories, suprise, surprise,54
wallstreetbets, alot, a lot,53
ENLIGHTENEDCENTRISM, wierd, weird,58
aviation, should of, should have,58
quityourbullshit, tommorow, tomorrow,54
Bossfight, tommorow, tomorrow,54
skyrim, seperate, separate,54
OpTicGaming, should of, should have,52
lewronggeneration, suprise, surprise,53
FortNiteBR, alot, a lot,55
bodybuilding, wierd, weird,53
FortNiteBR, should of, should have,55
rupaulsdragrace, finaly, finally,55
relationship_advice, truely, truly,56
rpdrcringe, alot, a lot,51
SkincareAddiction, politican, politician,53
HistoryMemes, alot, a lot,57
AirForce, seperate, separate,52
totallynotrobots, belive, believe,55
Rainbow6, alot, a lot,56
MedicalGore, tounge, tongue,56
PremierLeague, alot, a lot,55
DidntKnowIWantedThat, goverment, government,51
Shadman, alot, a lot,53
CuteLittleButts, occured, occurred,53
SubredditSimMeta, tounge, tongue,55
casualiama, persistant, persistent,53
destiny2, glamourous, glamorous,53
PublicFreakout, definately, definitely,54
ProgrammerHumor, sence, sense,52
AganistGayMarriage, should of, should have,52
cringe, definately, definitely,53
AccidentalRenaissance, arguement, argument,56
morbidquestions, wierd, weird,56
mildlypenis, alot, a lot,53
COMPLETEANARCHY, appearence, appearance,55
osugame, enviroment, environment,54
4PanelCringe, should of, should have,56
Greekgodx, wierd, weird,49
NotHowDrugsWork, should of, should have,51
NotHowDrugsWork, alot, a lot,54
mildlyinfuriating, belive, believe,55
stopadvertising, wierd, weird,53
forza, alot, a lot,54
TooAfraidToAsk, therefor, therefore,55
combinedgifs, should of, should have,55
OldSchoolCool, noticable, noticeable,52
Animemes, realy, really,56
arrow, goverment, government,50
cosplaygirls, alot, a lot,53
IASIP, alot, a lot,55
woodworking, alot, a lot,53
wallstreetbets, alot, a lot,53
Bonsai, peice, piece,53
trashyboners, alot, a lot,53
cringepics, seperate, separate,50
FortNiteBR, untill, until,51
iamverybadass, should of, should have,56
Cloververse, alot, a lot,51
holdmycosmo, agressive, aggressive,52
SexInFrontOfOthers, propoganda, propaganda,53
Shitty_Car_Mods, succesful, successful,55
therewasanattempt, should of, should have,56
PrequelMemes, bizzare, bizarre,53
2meirl4meirl, definately, definitely,51
StreetFights, alot, a lot,53
natureismetal, should of, should have,51
jesuschristreddit, buisness, business,55
Rengarmains, alot, a lot,52
bindingofisaac, completly, completely,49
MarvelStudiosSpoilers, alot, a lot,50
Design, completly, completely,53
FortNiteBR, should of, should have,53
interestingasfuck, tounge, tongue,52
ClashOfClans, alot, a lot,54
FortNiteBR, publically, publicly,52
runescape, alot, a lot,50
IsTodayFridayThe13th, wierd, weird,52
KidsAreFuckingStupid, tommorow, tomorrow,52
casualChildAbuse, alot, a lot,51
Surface, alot, a lot,50
AbsoluteUnits, should of, should have,51
lotrmemes, alot, a lot,51
ENLIGHTENEDCENTRISM, should of, should have,49
bigboye, tatoo, tattoo,55
2b2t, goverment, government,53
cursedimages, therefor, therefore,49
consulting, alot, a lot,51
Damnthatsinteresting, alot, a lot,53
SquaredCircle, wierd, weird,52
PrequelMemes, truely, truly,50
FashionReps, alot, a lot,48
FortNiteBR, happend, happened,51
detroitlions, completly, completely,48
OnePieceTC, belive, believe,53
MaddenUltimateTeam, definately, definitely,50
GamePhysics, alot, a lot,47
KidsAreFuckingStupid, remeber, remember,50
KidsAreFuckingStupid, beleive, believe,51
HENTAI_GIF, wierd, weird,48
fasting, publically, publicly,49
ProRevenge, should of, should have,52
RocketLeague, alot, a lot,49
Animemes, untill, until,49
Sneakers, therefor, therefore,49
CrackWatch, should of, should have,48
Libertarian, should of, should have,51
SequelMemes, alot, a lot,51
2007scape, should of, should have,49
PornhubComments, occurence, occurrence,50
Tinder, untill, until,48
sadcringe, seperate, separate,46
2007scape, untill, until,46
Boxing, seperate, separate,49
wallstreetbets, existance, existence,48
softwaregore, belive, believe,52
wallstreetbets, occuring, occurring,51
im14andthisisdeep, should of, should have,48
gatech, alot, a lot,49
SULeaks, definately, definitely,48
FellowKids, agressive, aggressive,47
technicallythetruth, neccessary, necessary,47
brooklynninenine, suprise, surprise,52
suicidebywords, assasination, assassination,48
wallstreetbets, should of, should have,50
botsrights, religous, religious,50
nyc, arguement, argument,51
youseeingthisshit, alot, a lot,49
apolloapp, peice, piece,49
DesignPorn, alot, a lot,50
trebuchetmemes, should of, should have,50
Animemes, alot, a lot,49
arma, alot, a lot,48
KarmaRoulette, seperate, separate,51
PornhubComments, alot, a lot,51
outside, alot, a lot,49
suicidebywords, should of, should have,49
college, arguement, argument,47
Ripple, prefered, preferred,48
ChildrenFallingOver, definately, definitely,51
memes, should of, should have,51
bodybuilding, alot, a lot,49
ClashRoyale, propoganda, propaganda,47
nevertellmetheodds, agressive, aggressive,49
apple, wierd, weird,48
Ice_Poseidon, alot, a lot,50
CryptoCurrency, alot, a lot,51
Kappa, alot, a lot,52
ofcoursethatsathing, alot, a lot,48
technology, wierd, weird,48
BravoRealHousewives, seperate, separate,52
BigCatGifs, seperate, separate,49
apolloapp, alot, a lot,50
Destiny, should of, should have,47
tumblr, wierd, weird,48
WaspHating, alot, a lot,47
dontputyourdickinthat, bizzare, bizarre,52
PornhubComments, seige, siege,48
MetalMemes, ecstacy, ecstasy,48
trees, alot, a lot,50
FortNiteBR, alot, a lot,49
BravoRealHousewives, should of, should have,50
ufc, alot, a lot,49
medizzy, should of, should have,48
theydidthemath, independant, independent,48
SquaredCircle, alot, a lot,46
chelseafc, should of, should have,48
AdviceAnimals, should of, should have,47
FortNiteBR, seperate, separate,46
Seaofthieves, goverment, government,50
PUBGMobile, tommorow, tomorrow,48
CrackWatch, jist, gist,50
FIFA, gaurd, guard,45
Perfectfit, alot, a lot,47
IDontWorkHereLady, agressive, aggressive,50
youseeingthisshit, alot, a lot,49
walkaway, noticable, noticeable,46
KarmaCourt, alot, a lot,45
noisygifs, tommorow, tomorrow,48
WhitePeopleTwitter, belive, believe,45
AskOuija, should of, should have,48
thanosdidnothingwrong, seperate, separate,48
casualiama, occuring, occurring,48
woooosh, alot, a lot,49
Youniqueamua, belive, believe,47
Trumpgret, alot, a lot,50
nagatoro, should of, should have,49
ohgeelizzyp, belive, believe,43
dadjokes, alot, a lot,48
GifRecipes, alot, a lot,45
FortNiteBR, bizzare, bizarre,43
WhitePeopleTwitter, should of, should have,47
reactiongifs, alot, a lot,48
Showerthoughts, immediatly, immediately,49
dankchristianmemes, wierd, weird,46
me_irl, gaurd, guard,47
PublicFreakout, alot, a lot,47
wowthanksimcured, seige, siege,48
starterpacks, humourous, humorous,43
FireEmblemHeroes, should of, should have,50
Stellaris, alot, a lot,48
DotA2, alot, a lot,48
Destiny, definately, definitely,45
nyc, happend, happened,48
JessicaNigri, suprise, surprise,44
gifsthatkeepongiving, alot, a lot,44
OldSchoolCool, agressive, aggressive,46
FellowKids, should of, should have,49
fuckthesepeople, seperate, separate,46
notinteresting, alot, a lot,48
holdmyfeedingtube, untill, until,47
PrequelMemes, realy, really,45
worldpolitics, alot, a lot,46
mexico, alot, a lot,46
awfuleverything, apparantly, apparently,46
wallstreetbets, apparantly, apparently,46
forhonor, alot, a lot,42
OverwatchTMZ, alot, a lot,46
greentext, definately, definitely,46
JusticeServed, suprise, surprise,48
Damnthatsinteresting, bizzare, bizarre,42
ProgrammerHumor, accross, across,46
SquaredCircle, posession, possession,45
chelseafc, wierd, weird,47
starterpacks, alot, a lot,47
imaginarymaps, alot, a lot,49
ShouldIbuythisgame, untill, until,47
shittyreactiongifs, alot, a lot,48
pawg, alot, a lot,46
interestingasfuck, agressive, aggressive,47
FortNiteBR, alot, a lot,47
ContagiousLaughter, seperate, separate,47
Marvel, belive, believe,48
2meirl4meirl, forseeable, foreseeable,46
FashionReps, begining, beginning,45
